{
	"format_version": "1.8.0",
	"animations": {
		"animation.idle.idle": {
			"loop": true,
			"animation_length": 3.44,
			"bones": {
				"tube1": {
					"rotation": {
						"0.0": {
							"post": [0, 0, 0],
							"lerp_mode": "catmullrom"
						},
						"0.2": {
							"post": [2.49762, -0.10901, 2.49762],
							"lerp_mode": "catmullrom"
						},
						"0.4": {
							"post": [4.98815, -0.32663, 4.98815],
							"lerp_mode": "catmullrom"
						},
						"0.52": {
							"post": [0, 0, 0],
							"lerp_mode": "catmullrom"
						},
						"0.76": {
							"post": [0, 0, 0],
							"lerp_mode": "catmullrom"
						},
						"0.96": {
							"post": [-7.43656, -0.9762, -7.43656],
							"lerp_mode": "catmullrom"
						},
						"1.16": {
							"post": [-14.69108, -2.89636, -14.69108],
							"lerp_mode": "catmullrom"
						},
						"1.28": {
							"post": [-7.50538, -1.93576, -7.24614],
							"lerp_mode": "catmullrom"
						},
						"1.4": {
							"post": [0, 0, 0],
							"lerp_mode": "catmullrom"
						},
						"1.52": {
							"post": [0, 0, 0],
							"lerp_mode": "catmullrom"
						},
						"1.64": {
							"post": [0, 0, 0],
							"lerp_mode": "catmullrom"
						},
						"2.04": {
							"post": [-4.99527, 0.21782, 2.4905],
							"lerp_mode": "catmullrom"
						},
						"2.24": {
							"post": [-9.97659, 0.6514, 4.95269],
							"lerp_mode": "catmullrom"
						},
						"2.64": {
							"post": [-9.9953, -0.21616, 0.02845],
							"lerp_mode": "catmullrom"
						},
						"2.84": {
							"post": [-9.93947, -1.08213, -4.89635],
							"lerp_mode": "catmullrom"
						},
						"3.04": {
							"post": [-4.98182, -0.86592, -2.40536],
							"lerp_mode": "catmullrom"
						},
						"3.24": {
							"post": [0, 0, 0],
							"lerp_mode": "catmullrom"
						},
						"3.44": {
							"post": [0, 0, 0],
							"lerp_mode": "catmullrom"
						}
					},
					"position": [0, -0.5, 0]
				},
				"tube2": {
					"rotation": {
						"0.0": {
							"post": [0, 0, 0],
							"lerp_mode": "catmullrom"
						},
						"0.2": {
							"post": [2.49762, -0.10901, 2.49762],
							"lerp_mode": "catmullrom"
						},
						"0.4": {
							"post": [4.98815, -0.32663, 4.98815],
							"lerp_mode": "catmullrom"
						},
						"0.52": {
							"post": [4.98815, -0.32663, 4.98815],
							"lerp_mode": "catmullrom"
						},
						"0.64": {
							"post": [0, 0, 0],
							"lerp_mode": "catmullrom"
						},
						"0.76": {
							"post": [0, 0, 0],
							"lerp_mode": "catmullrom"
						},
						"0.96": {
							"post": [-7.43656, -0.9762, -7.43656],
							"lerp_mode": "catmullrom"
						},
						"1.16": {
							"post": [-14.69108, -2.89636, -14.69108],
							"lerp_mode": "catmullrom"
						},
						"1.28": {
							"post": [-14.69108, -2.89636, -14.69108],
							"lerp_mode": "catmullrom"
						},
						"1.4": {
							"post": [-7.50538, -1.93576, -7.24614],
							"lerp_mode": "catmullrom"
						},
						"1.52": {
							"post": [0, 0, 0],
							"lerp_mode": "catmullrom"
						},
						"1.64": {
							"post": [0, 0, 0],
							"lerp_mode": "catmullrom"
						},
						"1.84": {
							"post": [-4.99527, 0.21782, 2.4905],
							"lerp_mode": "catmullrom"
						},
						"2.04": {
							"post": [-9.97659, 0.6514, 4.95269],
							"lerp_mode": "catmullrom"
						},
						"2.24": {
							"post": [-12.43733, 1.19075, 7.39414],
							"lerp_mode": "catmullrom"
						},
						"2.44": {
							"post": [-14.93733, 1.19075, 7.39414],
							"lerp_mode": "catmullrom"
						},
						"2.64": {
							"post": [-14.97394, 0.54548, 4.97856],
							"lerp_mode": "catmullrom"
						},
						"2.84": {
							"post": [-14.74876, -2.67247, -7.10381],
							"lerp_mode": "catmullrom"
						},
						"3.04": {
							"post": [-9.62245, -3.30635, -9.52542],
							"lerp_mode": "catmullrom"
						},
						"3.24": {
							"post": [0, 0, 0],
							"lerp_mode": "catmullrom"
						},
						"3.44": {
							"post": [0, 0, 0],
							"lerp_mode": "catmullrom"
						}
					}
				},
				"rarm": {
					"rotation": {
						"0.0": {
							"post": [9.68916, -24.88592, 36.19915],
							"lerp_mode": "catmullrom"
						},
						"0.2": {
							"post": [-15, 0, 32.5],
							"lerp_mode": "catmullrom"
						},
						"0.4": {
							"post": [-79.52521, 17.22575, 35.63388],
							"lerp_mode": "catmullrom"
						},
						"0.52": {
							"post": [-77.03752, 39.27345, 40.79012],
							"lerp_mode": "catmullrom"
						},
						"0.76": {
							"post": [-41.25875, 38.01601, 66.43556],
							"lerp_mode": "catmullrom"
						},
						"0.96": {
							"post": [16.86436, 20.94329, 45.46545],
							"lerp_mode": "catmullrom"
						},
						"1.16": {
							"post": [-7.79405, 11.17525, 54.10922],
							"lerp_mode": "catmullrom"
						},
						"1.28": {
							"post": [-21.46216, 7.36241, 31.63299],
							"lerp_mode": "catmullrom"
						},
						"1.4": {
							"post": [-35.9282, 13.37545, 48.35075],
							"lerp_mode": "catmullrom"
						},
						"1.52": {
							"post": [-51.90918, -6.28912, 32.80626],
							"lerp_mode": "catmullrom"
						},
						"1.64": {
							"post": [41.04154, -44.92916, 20.93936],
							"lerp_mode": "catmullrom"
						},
						"1.84": {
							"post": [-37.06009, -17.91796, 46.53723],
							"lerp_mode": "catmullrom"
						},
						"2.04": {
							"post": [-49.28276, -14.15303, 34.15554],
							"lerp_mode": "catmullrom"
						},
						"2.24": {
							"post": [-40.19804, 7.43447, 54.98536],
							"lerp_mode": "catmullrom"
						},
						"2.64": {
							"post": [-22.69804, 7.43447, 54.98536],
							"lerp_mode": "catmullrom"
						},
						"2.84": {
							"post": [-56.41859, 8.03956, 73.10544],
							"lerp_mode": "catmullrom"
						},
						"3.04": {
							"post": [-5.31084, -24.88592, 36.19915],
							"lerp_mode": "catmullrom"
						},
						"3.24": {
							"post": [54.68916, -24.88592, 36.19915],
							"lerp_mode": "catmullrom"
						},
						"3.44": {
							"post": [9.68916, -24.88592, 36.19915],
							"lerp_mode": "catmullrom"
						}
					}
				},
				"rwrist": {
					"rotation": {
						"0.0": {
							"post": [-45.62185, -7.78223, 38.27215],
							"lerp_mode": "catmullrom"
						},
						"0.2": {
							"post": [0, -17.5, 25],
							"lerp_mode": "catmullrom"
						},
						"0.4": {
							"post": [-35.14477, -26.68758, 12.17894],
							"lerp_mode": "catmullrom"
						},
						"0.52": {
							"post": [-30.39314, -32.11449, 2.52809],
							"lerp_mode": "catmullrom"
						},
						"0.64": {
							"post": [27.97266, -27.8735, -14.10702],
							"lerp_mode": "catmullrom"
						},
						"0.76": {
							"post": [-39.52734, -27.8735, -14.10702],
							"lerp_mode": "catmullrom"
						},
						"0.96": {
							"post": [-10.65953, -37.71998, -12.02468],
							"lerp_mode": "catmullrom"
						},
						"1.16": {
							"post": [36.73824, -28.23321, -23.66274],
							"lerp_mode": "catmullrom"
						},
						"1.28": {
							"post": [32.91944, -41.45566, -26.66854],
							"lerp_mode": "catmullrom"
						},
						"1.4": {
							"post": [68.30908, -19.62946, -50.00953],
							"lerp_mode": "catmullrom"
						},
						"1.52": {
							"post": [0.87535, -38.03169, 29.48338],
							"lerp_mode": "catmullrom"
						},
						"1.64": {
							"post": [-7.78718, 0.52365, 67.79699],
							"lerp_mode": "catmullrom"
						},
						"1.84": {
							"post": [42.84325, -3.12158, 40.52789],
							"lerp_mode": "catmullrom"
						},
						"2.04": {
							"post": [-19.19263, 2.34515, -14.32959],
							"lerp_mode": "catmullrom"
						},
						"2.24": {
							"post": [32.77587, -8.91004, -47.58093],
							"lerp_mode": "catmullrom"
						},
						"2.44": {
							"post": [-39.07521, -19.17549, -29.85519],
							"lerp_mode": "catmullrom"
						},
						"2.64": {
							"post": [-97.44774, -20.72497, 20.85938],
							"lerp_mode": "catmullrom"
						},
						"2.84": {
							"post": [37.72191, -4.67609, -2.12674],
							"lerp_mode": "catmullrom"
						},
						"3.04": {
							"post": [-33.88027, 9.57708, 18.48486],
							"lerp_mode": "catmullrom"
						},
						"3.24": {
							"post": [-0.52136, -21.97554, -30.54453],
							"lerp_mode": "catmullrom"
						},
						"3.44": {
							"post": [-45.62185, -7.78223, 38.27215],
							"lerp_mode": "catmullrom"
						}
					}
				},
				"larm": {
					"rotation": {
						"0.0": {
							"post": [19.38056, 3.10144, -45.05574],
							"lerp_mode": "catmullrom"
						},
						"0.2": {
							"post": [-20, 0, -45],
							"lerp_mode": "catmullrom"
						},
						"0.4": {
							"post": [-80.14892, -1.72794, -35.14892],
							"lerp_mode": "catmullrom"
						},
						"0.52": {
							"post": [-71.59061, -25.69529, -27.29451],
							"lerp_mode": "catmullrom"
						},
						"0.64": {
							"post": [-44.58975, -18.85221, -19.40666],
							"lerp_mode": "catmullrom"
						},
						"0.76": {
							"post": [14.16251, -29.93249, -61.49594],
							"lerp_mode": "catmullrom"
						},
						"0.96": {
							"post": [23.77937, -24.01042, -28.37322],
							"lerp_mode": "catmullrom"
						},
						"1.16": {
							"post": [66.27937, -24.01042, -28.37322],
							"lerp_mode": "catmullrom"
						},
						"1.28": {
							"post": [49.14697, -11.05179, -36.7329],
							"lerp_mode": "catmullrom"
						},
						"1.4": {
							"post": [35.25216, -4.72239, -48.71861],
							"lerp_mode": "catmullrom"
						},
						"1.52": {
							"post": [-15.45048, 37.02831, -71.26564],
							"lerp_mode": "catmullrom"
						},
						"1.64": {
							"post": [14.10518, 52.67668, -36.52606],
							"lerp_mode": "catmullrom"
						},
						"1.84": {
							"post": [-85.11174, 36.96515, -110.89024],
							"lerp_mode": "catmullrom"
						},
						"2.04": {
							"post": [-85.61763, 26.9976, -111.84178],
							"lerp_mode": "catmullrom"
						},
						"2.24": {
							"post": [-70.41164, 19.43909, -74.50702],
							"lerp_mode": "catmullrom"
						},
						"2.44": {
							"post": [-45.11017, 40.87213, -60.08925],
							"lerp_mode": "catmullrom"
						},
						"2.64": {
							"post": [-57.70637, 2.70037, -91.48249],
							"lerp_mode": "catmullrom"
						},
						"2.84": {
							"post": [-22.0267, 12.85494, -68.39062],
							"lerp_mode": "catmullrom"
						},
						"3.04": {
							"post": [21.38136, 5.18786, -46.9519],
							"lerp_mode": "catmullrom"
						},
						"3.24": {
							"post": [60.93656, -6.82413, -16.69424],
							"lerp_mode": "catmullrom"
						},
						"3.44": {
							"post": [19.38056, 3.10144, -45.05574],
							"lerp_mode": "catmullrom"
						}
					}
				},
				"lwrist": {
					"rotation": {
						"0.0": {
							"post": [-21.73045, 6.81242, -22.97976],
							"lerp_mode": "catmullrom"
						},
						"0.2": {
							"post": [0, 17.5, -25],
							"lerp_mode": "catmullrom"
						},
						"0.4": {
							"post": [-28.28795, 17.48281, -27.62116],
							"lerp_mode": "catmullrom"
						},
						"0.52": {
							"post": [-51.78242, 7.08321, -6.78188],
							"lerp_mode": "catmullrom"
						},
						"0.64": {
							"post": [18.49592, 6.29576, -4.39284],
							"lerp_mode": "catmullrom"
						},
						"0.76": {
							"post": [-23.2733, -21.4288, -36.94416],
							"lerp_mode": "catmullrom"
						},
						"0.96": {
							"post": [2.29227, -4.71704, -8.25238],
							"lerp_mode": "catmullrom"
						},
						"1.16": {
							"post": [25.70252, 15.78268, -37.21653],
							"lerp_mode": "catmullrom"
						},
						"1.28": {
							"post": [31.5349, 23.47369, -56.84898],
							"lerp_mode": "catmullrom"
						},
						"1.4": {
							"post": [16.86101, -30.53295, 24.73875],
							"lerp_mode": "catmullrom"
						},
						"1.52": {
							"post": [63.69103, -40.25949, 7.13782],
							"lerp_mode": "catmullrom"
						},
						"1.64": {
							"post": [71.06468, -6.01109, -32.36255],
							"lerp_mode": "catmullrom"
						},
						"1.84": {
							"post": [90.53063, -61.85514, -21.00251],
							"lerp_mode": "catmullrom"
						},
						"2.04": {
							"post": [-78.52272, -72.80097, 72.97473],
							"lerp_mode": "catmullrom"
						},
						"2.24": {
							"post": [-41.28148, -34.31491, -15.03144],
							"lerp_mode": "catmullrom"
						},
						"2.44": {
							"post": [0.14517, -38.53142, 15.74387],
							"lerp_mode": "catmullrom"
						},
						"2.64": {
							"post": [-52.35483, -38.53142, 15.74387],
							"lerp_mode": "catmullrom"
						},
						"2.84": {
							"post": [-91.94282, -18.54507, 14.89457],
							"lerp_mode": "catmullrom"
						},
						"3.04": {
							"post": [56.27908, 15.00683, -7.21548],
							"lerp_mode": "catmullrom"
						},
						"3.24": {
							"post": [-29.93946, -0.62555, -36.03411],
							"lerp_mode": "catmullrom"
						},
						"3.44": {
							"post": [-21.73045, 6.81242, -22.97976],
							"lerp_mode": "catmullrom"
						}
					}
				},
				"head": {
					"rotation": {
						"0.0": {
							"post": [0, 0, 0],
							"lerp_mode": "catmullrom"
						},
						"0.2": {
							"post": [2.49762, -0.10901, 2.49762],
							"lerp_mode": "catmullrom"
						},
						"0.4": {
							"post": [4.98815, -0.32663, 4.98815],
							"lerp_mode": "catmullrom"
						},
						"0.52": {
							"post": [4.98815, -0.32663, 4.98815],
							"lerp_mode": "catmullrom"
						},
						"0.64": {
							"post": [4.98815, -0.32663, 4.98815],
							"lerp_mode": "catmullrom"
						},
						"0.76": {
							"post": [0, 0, 0],
							"lerp_mode": "catmullrom"
						},
						"0.96": {
							"post": [-7.43656, -0.9762, -7.43656],
							"lerp_mode": "catmullrom"
						},
						"1.16": {
							"post": [-14.74721, -1.93597, -14.87739],
							"lerp_mode": "catmullrom"
						},
						"1.28": {
							"post": [-14.74721, -1.93597, -14.87739],
							"lerp_mode": "catmullrom"
						},
						"1.4": {
							"post": [-14.74721, -1.93597, -14.87739],
							"lerp_mode": "catmullrom"
						},
						"1.52": {
							"post": [-7.43656, -0.9762, -7.43656],
							"lerp_mode": "catmullrom"
						},
						"1.64": {
							"post": [0, 0, 0],
							"lerp_mode": "catmullrom"
						},
						"1.84": {
							"post": [-4.99527, 0.21782, 2.4905],
							"lerp_mode": "catmullrom"
						},
						"2.04": {
							"post": [-9.97659, 0.6514, 4.95269],
							"lerp_mode": "catmullrom"
						},
						"2.24": {
							"post": [-14.93551, 1.29669, 7.36834],
							"lerp_mode": "catmullrom"
						},
						"2.44": {
							"post": [-17.36593, 2.04443, 9.75493],
							"lerp_mode": "catmullrom"
						},
						"2.64": {
							"post": [-19.93551, 1.29669, 7.36834],
							"lerp_mode": "catmullrom"
						},
						"2.84": {
							"post": [-34.86819, -2.11507, -2.03329],
							"lerp_mode": "catmullrom"
						},
						"3.04": {
							"post": [-39.61383, -4.96563, -6.14941],
							"lerp_mode": "catmullrom"
						},
						"3.24": {
							"post": [-46.41827, -10.43362, -11.33155],
							"lerp_mode": "catmullrom"
						},
						"3.44": {
							"post": [0, 0, 0],
							"lerp_mode": "catmullrom"
						}
					}
				},
				"back": {
					"rotation": {
						"0.0": {
							"post": [0, 0, 0],
							"lerp_mode": "catmullrom"
						},
						"0.4": {
							"post": [50, 0, 0],
							"lerp_mode": "catmullrom"
						},
						"0.76": {
							"post": [0, 0, 0],
							"lerp_mode": "catmullrom"
						},
						"3.44": {
							"post": [0, 0, 0],
							"lerp_mode": "catmullrom"
						}
					}
				},
				"left": {
					"rotation": {
						"0.0": {
							"post": [0, 0, 0],
							"lerp_mode": "catmullrom"
						},
						"1.16": {
							"post": [0, 0, -72.5],
							"lerp_mode": "catmullrom"
						},
						"1.64": {
							"post": [0, 0, 0],
							"lerp_mode": "catmullrom"
						},
						"3.44": {
							"post": [0, 0, 0],
							"lerp_mode": "catmullrom"
						}
					}
				},
				"front": {
					"rotation": {
						"0.0": {
							"post": [0, 0, 0],
							"lerp_mode": "catmullrom"
						},
						"1.16": {
							"post": [-87.5, 0, 0],
							"lerp_mode": "catmullrom"
						},
						"1.64": {
							"post": [0, 0, 0],
							"lerp_mode": "catmullrom"
						},
						"2.24": {
							"post": [-67.5, 0, 0],
							"lerp_mode": "catmullrom"
						},
						"2.88": {
							"post": [-85, 0, 0],
							"lerp_mode": "catmullrom"
						},
						"3.44": {
							"post": [0, 0, 0],
							"lerp_mode": "catmullrom"
						}
					}
				},
				"right": {
					"rotation": {
						"0.0": {
							"post": [0, 0, 0],
							"lerp_mode": "catmullrom"
						},
						"0.4": {
							"post": [0, 0, 65],
							"lerp_mode": "catmullrom"
						},
						"0.76": {
							"post": [0, 0, 0],
							"lerp_mode": "catmullrom"
						},
						"2.24": {
							"post": [0, 0, 80],
							"lerp_mode": "catmullrom"
						},
						"2.88": {
							"post": [0, 0, 0],
							"lerp_mode": "catmullrom"
						},
						"3.44": {
							"post": [0, 0, 0],
							"lerp_mode": "catmullrom"
						}
					}
				}
			}
		}
	}
}